<?xml version="1.0" encoding="UTF-8"?>
<export version="D">
  <design>
    <source>/home/chris/circuits/liger/hardware/liger.sch</source>
    <date>Thu 07 Jul 2016 02:26:00 PM CDT</date>
    <tool>Eeschema 4.0.2-4+6225~38~ubuntu15.10.1-stable</tool>
    <sheet number="1" name="/" tstamps="/">
      <title_block>
        <title/>
        <company/>
        <rev/>
        <date/>
        <source>liger.sch</source>
        <comment number="1" value=""/>
        <comment number="2" value=""/>
        <comment number="3" value=""/>
        <comment number="4" value=""/>
      </title_block>
    </sheet>
  </design>
  <components>
    <comp ref="Relay1">
      <value>V23105</value>
      <footprint>garage-opener:V23105</footprint>
      <datasheet>file:///home/chris/Downloads/ENG_SS_108-98007_L%20(3).pdf</datasheet>
      <fields>
        <field name="Part Number">V23105A5001A201</field>
      </fields>
      <libsource lib="liger-cache" part="V23105"/>
      <sheetpath names="/" tstamps="/"/>
      <tstamp>57633D5A</tstamp>
    </comp>
    <comp ref="P3">
      <value>USB_OTG</value>
      <footprint>Connect:USB_Micro-B</footprint>
      <datasheet>http://portal.fciconnect.com/Comergent//fci/drawing/10118194.pdf</datasheet>
      <fields>
        <field name="Part Number">10118194-0001LF</field>
      </fields>
      <libsource lib="conn" part="USB_OTG"/>
      <sheetpath names="/" tstamps="/"/>
      <tstamp>57633E1D</tstamp>
    </comp>
    <comp ref="R3">
      <value>2.2K</value>
      <footprint>Resistors_SMD:R_0603</footprint>
      <datasheet>http://www.digikey.com/en/resources/datasheets/yageo/rc-series-l-suffix-datasheet</datasheet>
      <fields>
        <field name="Part Number">RC0603FR-072K2L</field>
      </fields>
      <libsource lib="device" part="R"/>
      <sheetpath names="/" tstamps="/"/>
      <tstamp>57633FAF</tstamp>
    </comp>
    <comp ref="R11">
      <value>1M</value>
      <footprint>Resistors_SMD:R_0603</footprint>
      <datasheet>http://www.yageo.com/documents/recent/PYu-RC_Group_51_RoHS_L_04.pdf</datasheet>
      <fields>
        <field name="Part Number">RC0603FR-071ML</field>
      </fields>
      <libsource lib="device" part="R"/>
      <sheetpath names="/" tstamps="/"/>
      <tstamp>57634014</tstamp>
    </comp>
    <comp ref="R5">
      <value>10K</value>
      <footprint>Resistors_SMD:R_0603</footprint>
      <datasheet>http://www.digikey.com/en/resources/datasheets/yageo/rc-series-l-suffix-datasheet</datasheet>
      <fields>
        <field name="Part Number">RC0603JR-0710KL</field>
      </fields>
      <libsource lib="device" part="R"/>
      <sheetpath names="/" tstamps="/"/>
      <tstamp>5763405B</tstamp>
    </comp>
    <comp ref="C1">
      <value>4.7uF</value>
      <footprint>Capacitors_SMD:C_0603</footprint>
      <datasheet>http://media.digikey.com/pdf/Data%20Sheets/Samsung%20PDFs/CL_Series_MLCC_ds.pdf</datasheet>
      <fields>
        <field name="Part Number">CL10B475KQ8NQNC</field>
      </fields>
      <libsource lib="device" part="C"/>
      <sheetpath names="/" tstamps="/"/>
      <tstamp>576341A5</tstamp>
    </comp>
    <comp ref="C3">
      <value>10uF</value>
      <footprint>Capacitors_SMD:C_0603</footprint>
      <datasheet>http://www.murata.com/~/media/webrenewal/support/library/catalog/products/capacitor/mlcc/c02e.pdf</datasheet>
      <fields>
        <field name="Part Number">GRM188R60G106ME47D</field>
      </fields>
      <libsource lib="device" part="C"/>
      <sheetpath names="/" tstamps="/"/>
      <tstamp>57634222</tstamp>
    </comp>
    <comp ref="C10">
      <value>12pF</value>
      <footprint>Capacitors_SMD:C_0402</footprint>
      <datasheet>http://www.kemet.com/Lists/ProductCatalog/Attachments/46/KEM_C1003_C0G_SMD.pdf</datasheet>
      <fields>
        <field name="Part Number">C0402C120J5GACTU</field>
      </fields>
      <libsource lib="device" part="C"/>
      <sheetpath names="/" tstamps="/"/>
      <tstamp>57634242</tstamp>
    </comp>
    <comp ref="U2">
      <value>ADA4075</value>
      <footprint>Housings_SOIC:SOIC-8_3.9x4.9mm_Pitch1.27mm</footprint>
      <datasheet>http://www.mouser.com/ds/2/609/OP275-879536.pdf</datasheet>
      <fields>
        <field name="Part Number">OPA344NA/3K</field>
      </fields>
      <libsource lib="linear" part="ADA4075"/>
      <sheetpath names="/" tstamps="/"/>
      <tstamp>576343F3</tstamp>
    </comp>
    <comp ref="U1">
      <value>electret_microphone</value>
      <footprint>libraries:Electret</footprint>
      <datasheet>http://www.mouser.com/ds/2/670/cmc-5044pf-a-515902.pdf</datasheet>
      <fields>
        <field name="Part Number">CMC-5044PF-A</field>
      </fields>
      <libsource lib="liger-cache" part="electret_microphone"/>
      <sheetpath names="/" tstamps="/"/>
      <tstamp>57634A59</tstamp>
    </comp>
    <comp ref="U11">
      <value>SPX3819</value>
      <footprint>TO_SOT_Packages_SMD:SOT-23-5</footprint>
      <datasheet>http://www.mouser.com/ds/2/146/SPX3819_DS_R200_082312-17072.pdf</datasheet>
      <fields>
        <field name="Part Number">SPX3819</field>
      </fields>
      <libsource lib="liger-cache" part="SPX3819"/>
      <sheetpath names="/" tstamps="/"/>
      <tstamp>5768217D</tstamp>
    </comp>
    <comp ref="D3">
      <value>ZENER</value>
      <footprint>Diodes_SMD:SOD-123</footprint>
      <datasheet>http://www.mouser.com/ds/2/308/MBR120VLSFT1-D-107081.pdf</datasheet>
      <fields>
        <field name="Part Number">MBR120VLSFT1G</field>
      </fields>
      <libsource lib="device" part="ZENER"/>
      <sheetpath names="/" tstamps="/"/>
      <tstamp>57682607</tstamp>
    </comp>
    <comp ref="C4">
      <value>1uf</value>
      <footprint>Capacitors_SMD:C_0603</footprint>
      <datasheet>http://www.yageo.com/documents/recent/UPY-GPHC_Y5V_6.3V-to-50V_6.pdf</datasheet>
      <fields>
        <field name="Part Number">CC0603ZRY5V7BB105</field>
      </fields>
      <libsource lib="device" part="C"/>
      <sheetpath names="/" tstamps="/"/>
      <tstamp>5768271E</tstamp>
    </comp>
    <comp ref="D4">
      <value>D</value>
      <footprint>Diodes_SMD:SMA_Standard</footprint>
      <datasheet>http://www.mouser.com/ds/2/149/BAT54-888471.pdf</datasheet>
      <fields>
        <field name="Part Number">SS14</field>
      </fields>
      <libsource lib="device" part="D"/>
      <sheetpath names="/" tstamps="/"/>
      <tstamp>57684FDE</tstamp>
    </comp>
    <comp ref="Q3">
      <value>Q_NPN_BEC</value>
      <footprint>TO_SOT_Packages_SMD:SOT-23</footprint>
      <datasheet>http://www.mouser.com/ds/2/308/MMBT3904LT1-D-113169.pdf</datasheet>
      <fields>
        <field name="Part Number">MMBT3904LT1G</field>
      </fields>
      <libsource lib="device" part="Q_NPN_BEC"/>
      <sheetpath names="/" tstamps="/"/>
      <tstamp>576851E0</tstamp>
    </comp>
    <comp ref="P4">
      <value>CONN_01X02</value>
      <footprint>Terminal_Blocks:TerminalBlock_Pheonix_MKDS1.5-2pol</footprint>
      <datasheet>http://media.digikey.com/pdf/Data%20Sheets/Phoenix%20Contact%20PDFs/1935161.pdf</datasheet>
      <fields>
        <field name="Part Number">1935161</field>
      </fields>
      <libsource lib="conn" part="CONN_01X02"/>
      <sheetpath names="/" tstamps="/"/>
      <tstamp>57685A47</tstamp>
    </comp>
    <comp ref="P1">
      <value>CONN_01X10</value>
      <footprint>Pin_Headers:Pin_Header_Straight_1x10</footprint>
      <datasheet>http://www.te.com/commerce/DocumentDelivery/DDEController?Action=srchrtrv&amp;DocNm=5164713&amp;DocType=Customer+Drawing&amp;DocLang=English</datasheet>
      <fields>
        <field name="Part Number">1-5164713-0</field>
      </fields>
      <libsource lib="conn" part="CONN_01X10"/>
      <sheetpath names="/" tstamps="/"/>
      <tstamp>57688107</tstamp>
    </comp>
    <comp ref="P2">
      <value>CONN_01X10</value>
      <footprint>Pin_Headers:Pin_Header_Straight_1x10</footprint>
      <datasheet>http://www.te.com/commerce/DocumentDelivery/DDEController?Action=srchrtrv&amp;DocNm=5164713&amp;DocType=Customer+Drawing&amp;DocLang=English</datasheet>
      <fields>
        <field name="Part Number">1-5164713-0</field>
      </fields>
      <libsource lib="conn" part="CONN_01X10"/>
      <sheetpath names="/" tstamps="/"/>
      <tstamp>576884EF</tstamp>
    </comp>
    <comp ref="U4">
      <value>FT230XS</value>
      <footprint>Housings_SSOP:SSOP-16_3.9x4.9mm_Pitch0.635mm</footprint>
      <datasheet>http://www.mouser.com/ds/2/163/DS_FT230X-5395.pdf</datasheet>
      <fields>
        <field name="Part Number">FT230XS</field>
      </fields>
      <libsource lib="liger-cache" part="FT230XS"/>
      <sheetpath names="/" tstamps="/"/>
      <tstamp>57688C11</tstamp>
    </comp>
    <comp ref="R1">
      <value>1K</value>
      <footprint>Resistors_SMD:R_0603</footprint>
      <datasheet>http://www.digikey.com/en/resources/datasheets/yageo/rc-series-l-suffix-datasheet</datasheet>
      <fields>
        <field name="Part Number">RC0603JR-071KL</field>
      </fields>
      <libsource lib="device" part="R"/>
      <sheetpath names="/" tstamps="/"/>
      <tstamp>57689507</tstamp>
    </comp>
    <comp ref="SW1">
      <value>SW_PUSH</value>
      <footprint>Buttons_Switches_SMD:SW_SPST_KMR2</footprint>
      <datasheet>http://www.mouser.com/ds/2/60/KMR2_9aug12-25127.pdf</datasheet>
      <fields>
        <field name="Part Number">KMR211NG LFS</field>
      </fields>
      <libsource lib="device" part="SW_PUSH"/>
      <sheetpath names="/" tstamps="/"/>
      <tstamp>5768B31A</tstamp>
    </comp>
    <comp ref="D5">
      <value>LED</value>
      <footprint>LEDs:LED_0603</footprint>
      <datasheet>http://www.osram-os.com/Graphics/XPic9/00128792_0.pdf</datasheet>
      <fields>
        <field name="Part Number">LS Q976-NR-1</field>
      </fields>
      <libsource lib="device" part="LED"/>
      <sheetpath names="/" tstamps="/"/>
      <tstamp>576C671E</tstamp>
    </comp>
    <comp ref="FB1">
      <value>BK0603HS330-T</value>
      <footprint>Resistors_SMD:R_0603</footprint>
      <datasheet>http://www.yuden.co.jp/productdata/catalog/en/mlci07_e.pdf</datasheet>
      <fields>
        <field name="Part Number">BK0603HS330-T</field>
      </fields>
      <libsource lib="liger-cache" part="BK0603HS330-T"/>
      <sheetpath names="/" tstamps="/"/>
      <tstamp>576C873F</tstamp>
    </comp>
    <comp ref="R16">
      <value>27K</value>
      <footprint>Resistors_SMD:R_0603</footprint>
      <datasheet>http://industrial.panasonic.com/cdbs/www-data/pdf/RDA0000/AOA0000C84.pdf</datasheet>
      <fields>
        <field name="Part Number">ERJ-3GEYJ273V</field>
      </fields>
      <libsource lib="device" part="R"/>
      <sheetpath names="/" tstamps="/"/>
      <tstamp>576C9717</tstamp>
    </comp>
    <comp ref="C9">
      <value>.1uF</value>
      <footprint>Capacitors_SMD:C_0603</footprint>
      <datasheet>http://www.yageo.com/documents/recent/UPY-GPHC_Y5V_6.3V-to-50V_6.pdf</datasheet>
      <fields>
        <field name="Part Number">CC0603ZRY5V9BB104</field>
      </fields>
      <libsource lib="device" part="C"/>
      <sheetpath names="/" tstamps="/"/>
      <tstamp>576CAC9E</tstamp>
    </comp>
    <comp ref="Q2">
      <value>Q_PMOS_GSD</value>
      <footprint>TO_SOT_Packages_SMD:SOT-23</footprint>
      <datasheet>http://www.mouser.com/ds/2/308/BSS84LT1-D-105913.pdf</datasheet>
      <fields>
        <field name="Part Number">BSS84LT1G</field>
      </fields>
      <libsource lib="device" part="Q_PMOS_GSD"/>
      <sheetpath names="/" tstamps="/"/>
      <tstamp>576D6D77</tstamp>
    </comp>
    <comp ref="Q1">
      <value>Q_NMOS_GSD</value>
      <footprint>TO_SOT_Packages_SMD:SOT-23</footprint>
      <datasheet>http://www.mouser.com/ds/2/308/2N7002L-D-105484.pdf</datasheet>
      <fields>
        <field name="Part Number">2N7002L</field>
      </fields>
      <libsource lib="device" part="Q_NMOS_GSD"/>
      <sheetpath names="/" tstamps="/"/>
      <tstamp>576D6F9D</tstamp>
    </comp>
    <comp ref="R2">
      <value>1K</value>
      <footprint>Resistors_SMD:R_0603</footprint>
      <datasheet>http://www.digikey.com/en/resources/datasheets/yageo/rc-series-l-suffix-datasheet</datasheet>
      <fields>
        <field name="Part Number">RC0603JR-071KL</field>
      </fields>
      <libsource lib="device" part="R"/>
      <sheetpath names="/" tstamps="/"/>
      <tstamp>576DE8EB</tstamp>
    </comp>
    <comp ref="R4">
      <value>1K</value>
      <footprint>Resistors_SMD:R_0603</footprint>
      <datasheet>http://www.digikey.com/en/resources/datasheets/yageo/rc-series-l-suffix-datasheet</datasheet>
      <fields>
        <field name="Part Number">RC0603JR-071KL</field>
      </fields>
      <libsource lib="device" part="R"/>
      <sheetpath names="/" tstamps="/"/>
      <tstamp>576DE941</tstamp>
    </comp>
    <comp ref="R6">
      <value>1K</value>
      <footprint>Resistors_SMD:R_0603</footprint>
      <datasheet>http://www.digikey.com/en/resources/datasheets/yageo/rc-series-l-suffix-datasheet</datasheet>
      <fields>
        <field name="Part Number">RC0603JR-071KL</field>
      </fields>
      <libsource lib="device" part="R"/>
      <sheetpath names="/" tstamps="/"/>
      <tstamp>576DEB45</tstamp>
    </comp>
    <comp ref="R9">
      <value>1K</value>
      <footprint>Resistors_SMD:R_0603</footprint>
      <datasheet>http://www.digikey.com/en/resources/datasheets/yageo/rc-series-l-suffix-datasheet</datasheet>
      <fields>
        <field name="Part Number">RC0603JR-071KL</field>
      </fields>
      <libsource lib="device" part="R"/>
      <sheetpath names="/" tstamps="/"/>
      <tstamp>576DEF74</tstamp>
    </comp>
    <comp ref="R10">
      <value>1K</value>
      <footprint>Resistors_SMD:R_0603</footprint>
      <datasheet>http://www.digikey.com/en/resources/datasheets/yageo/rc-series-l-suffix-datasheet</datasheet>
      <fields>
        <field name="Part Number">RC0603JR-071KL</field>
      </fields>
      <libsource lib="device" part="R"/>
      <sheetpath names="/" tstamps="/"/>
      <tstamp>576DF049</tstamp>
    </comp>
    <comp ref="R14">
      <value>1K</value>
      <footprint>Resistors_SMD:R_0603</footprint>
      <datasheet>http://www.digikey.com/en/resources/datasheets/yageo/rc-series-l-suffix-datasheet</datasheet>
      <fields>
        <field name="Part Number">RC0603JR-071KL</field>
      </fields>
      <libsource lib="device" part="R"/>
      <sheetpath names="/" tstamps="/"/>
      <tstamp>576E06B8</tstamp>
    </comp>
    <comp ref="R23">
      <value>1K</value>
      <footprint>Resistors_SMD:R_0603</footprint>
      <datasheet>http://www.digikey.com/en/resources/datasheets/yageo/rc-series-l-suffix-datasheet</datasheet>
      <fields>
        <field name="Part Number">RC0603JR-071KL</field>
      </fields>
      <libsource lib="device" part="R"/>
      <sheetpath names="/" tstamps="/"/>
      <tstamp>576E14D0</tstamp>
    </comp>
    <comp ref="R22">
      <value>1K</value>
      <footprint>Resistors_SMD:R_0603</footprint>
      <datasheet>http://www.digikey.com/en/resources/datasheets/yageo/rc-series-l-suffix-datasheet</datasheet>
      <fields>
        <field name="Part Number">RC0603JR-071KL</field>
      </fields>
      <libsource lib="device" part="R"/>
      <sheetpath names="/" tstamps="/"/>
      <tstamp>576E151E</tstamp>
    </comp>
    <comp ref="R21">
      <value>1K</value>
      <footprint>Resistors_SMD:R_0603</footprint>
      <datasheet>http://www.digikey.com/en/resources/datasheets/yageo/rc-series-l-suffix-datasheet</datasheet>
      <fields>
        <field name="Part Number">RC0603JR-071KL</field>
      </fields>
      <libsource lib="device" part="R"/>
      <sheetpath names="/" tstamps="/"/>
      <tstamp>576E15C1</tstamp>
    </comp>
    <comp ref="R20">
      <value>1K</value>
      <footprint>Resistors_SMD:R_0603</footprint>
      <datasheet>http://www.digikey.com/en/resources/datasheets/yageo/rc-series-l-suffix-datasheet</datasheet>
      <fields>
        <field name="Part Number">RC0603JR-071KL</field>
      </fields>
      <libsource lib="device" part="R"/>
      <sheetpath names="/" tstamps="/"/>
      <tstamp>576E15C8</tstamp>
    </comp>
    <comp ref="R7">
      <value>10K</value>
      <footprint>Resistors_SMD:R_0603</footprint>
      <datasheet>http://www.digikey.com/en/resources/datasheets/yageo/rc-series-l-suffix-datasheet</datasheet>
      <fields>
        <field name="Part Number">RC0603JR-0710KL</field>
      </fields>
      <libsource lib="device" part="R"/>
      <sheetpath names="/" tstamps="/"/>
      <tstamp>576E475A</tstamp>
    </comp>
    <comp ref="R8">
      <value>10K</value>
      <footprint>Resistors_SMD:R_0603</footprint>
      <datasheet>http://www.digikey.com/en/resources/datasheets/yageo/rc-series-l-suffix-datasheet</datasheet>
      <fields>
        <field name="Part Number">RC0603JR-0710KL</field>
      </fields>
      <libsource lib="device" part="R"/>
      <sheetpath names="/" tstamps="/"/>
      <tstamp>576E479D</tstamp>
    </comp>
    <comp ref="R12">
      <value>10K</value>
      <footprint>Resistors_SMD:R_0603</footprint>
      <datasheet>http://www.digikey.com/en/resources/datasheets/yageo/rc-series-l-suffix-datasheet</datasheet>
      <fields>
        <field name="Part Number">RC0603JR-0710KL</field>
      </fields>
      <libsource lib="device" part="R"/>
      <sheetpath names="/" tstamps="/"/>
      <tstamp>576E4AC5</tstamp>
    </comp>
    <comp ref="R15">
      <value>27K</value>
      <footprint>Resistors_SMD:R_0603</footprint>
      <datasheet>http://industrial.panasonic.com/cdbs/www-data/pdf/RDA0000/AOA0000C84.pdf</datasheet>
      <fields>
        <field name="Part Number">ERJ-3GEYJ273V</field>
      </fields>
      <libsource lib="device" part="R"/>
      <sheetpath names="/" tstamps="/"/>
      <tstamp>576E76FF</tstamp>
    </comp>
    <comp ref="R13">
      <value>10K</value>
      <footprint>Resistors_SMD:R_0603</footprint>
      <datasheet>http://www.digikey.com/en/resources/datasheets/yageo/rc-series-l-suffix-datasheet</datasheet>
      <fields>
        <field name="Part Number">RC0603JR-0710KL</field>
      </fields>
      <libsource lib="device" part="R"/>
      <sheetpath names="/" tstamps="/"/>
      <tstamp>576E9D8A</tstamp>
    </comp>
    <comp ref="C8">
      <value>47 pF</value>
      <footprint>Capacitors_SMD:C_0402</footprint>
      <datasheet>http://www.murata.com/~/media/webrenewal/support/library/catalog/products/capacitor/mlcc/c02e.pdf</datasheet>
      <fields>
        <field name="Part Number">GRM1555C1H470FA01D</field>
      </fields>
      <libsource lib="device" part="C"/>
      <sheetpath names="/" tstamps="/"/>
      <tstamp>576CA61C</tstamp>
    </comp>
    <comp ref="C7">
      <value>47 pF</value>
      <footprint>Capacitors_SMD:C_0402</footprint>
      <datasheet>http://www.murata.com/~/media/webrenewal/support/library/catalog/products/capacitor/mlcc/c02e.pdf</datasheet>
      <fields>
        <field name="Part Number">GRM1555C1H470FA01D</field>
      </fields>
      <libsource lib="device" part="C"/>
      <sheetpath names="/" tstamps="/"/>
      <tstamp>576ECBE4</tstamp>
    </comp>
    <comp ref="C5">
      <value>1uf</value>
      <footprint>Capacitors_SMD:C_0603</footprint>
      <datasheet>http://www.yageo.com/documents/recent/UPY-GPHC_Y5V_6.3V-to-50V_6.pdf</datasheet>
      <fields>
        <field name="Part Number">CC0603ZRY5V7BB105</field>
      </fields>
      <libsource lib="device" part="C"/>
      <sheetpath names="/" tstamps="/"/>
      <tstamp>576FFA59</tstamp>
    </comp>
    <comp ref="C2">
      <value>4.7uF</value>
      <footprint>Capacitors_SMD:C_0603</footprint>
      <datasheet>http://media.digikey.com/pdf/Data%20Sheets/Samsung%20PDFs/CL_Series_MLCC_ds.pdf</datasheet>
      <fields>
        <field name="Part Number">CL10B475KQ8NQNC</field>
      </fields>
      <libsource lib="device" part="C"/>
      <sheetpath names="/" tstamps="/"/>
      <tstamp>577082C5</tstamp>
    </comp>
    <comp ref="D1">
      <value>LED</value>
      <footprint>LEDs:LED_0603</footprint>
      <datasheet>http://www.osram-os.com/Graphics/XPic9/00128792_0.pdf</datasheet>
      <fields>
        <field name="Part Number">LS Q976-NR-1</field>
      </fields>
      <libsource lib="device" part="LED"/>
      <sheetpath names="/" tstamps="/"/>
      <tstamp>57710784</tstamp>
    </comp>
    <comp ref="D2">
      <value>LED</value>
      <footprint>LEDs:LED_0603</footprint>
      <datasheet>http://www.osram-os.com/Graphics/XPic9/00128792_0.pdf</datasheet>
      <fields>
        <field name="Part Number">LS Q976-NR-1</field>
      </fields>
      <libsource lib="device" part="LED"/>
      <sheetpath names="/" tstamps="/"/>
      <tstamp>577107D2</tstamp>
    </comp>
    <comp ref="D6">
      <value>LED</value>
      <footprint>LEDs:LED_0603</footprint>
      <datasheet>http://www.osram-os.com/Graphics/XPic9/00128792_0.pdf</datasheet>
      <fields>
        <field name="Part Number">LS Q976-NR-1</field>
      </fields>
      <libsource lib="device" part="LED"/>
      <sheetpath names="/" tstamps="/"/>
      <tstamp>577108E3</tstamp>
    </comp>
    <comp ref="D7">
      <value>LED</value>
      <footprint>LEDs:LED_0603</footprint>
      <datasheet>http://www.osram-os.com/Graphics/XPic9/00128792_0.pdf</datasheet>
      <fields>
        <field name="Part Number">LS Q976-NR-1</field>
      </fields>
      <libsource lib="device" part="LED"/>
      <sheetpath names="/" tstamps="/"/>
      <tstamp>577108EA</tstamp>
    </comp>
    <comp ref="C6">
      <value>0.1uF</value>
      <footprint>Capacitors_SMD:C_0603</footprint>
      <datasheet>http://www.yageo.com/documents/recent/UPY-GPHC_Y5V_6.3V-to-50V_6.pdf</datasheet>
      <fields>
        <field name="Part Number">CC0603ZRY5V9BB104</field>
      </fields>
      <libsource lib="device" part="C"/>
      <sheetpath names="/" tstamps="/"/>
      <tstamp>576F4515</tstamp>
    </comp>
    <comp ref="P5">
      <value>CONN_01X04</value>
      <footprint>Pin_Headers:Pin_Header_Angled_1x04</footprint>
      <datasheet>http://sullinscorp.com/catalogs/101_PAGE114-115_.100_FEMALE_HDR.pdf</datasheet>
      <fields>
        <field name="Part Number">PPTC041LGBN-RC</field>
      </fields>
      <libsource lib="conn" part="CONN_01X04"/>
      <sheetpath names="/" tstamps="/"/>
      <tstamp>57706983</tstamp>
    </comp>
    <comp ref="U5">
      <value>PT5529B/L2/H2-F</value>
      <footprint>libraries:PT5529B</footprint>
      <datasheet>http://www.everlight.com/file/ProductFile/PT5529B-L2-H2-F.pdf</datasheet>
      <fields>
        <field name="Part Number">PT5529B/L2/H2-F</field>
      </fields>
      <libsource lib="liger-cache" part="PT5529B/L2/H2-F"/>
      <sheetpath names="/" tstamps="/"/>
      <tstamp>57717626</tstamp>
    </comp>
    <comp ref="R17">
      <value>1K</value>
      <footprint>Resistors_SMD:R_0603</footprint>
      <datasheet>http://www.digikey.com/en/resources/datasheets/yageo/rc-series-l-suffix-datasheet</datasheet>
      <fields>
        <field name="Part Number">RC0603JR-071KL</field>
      </fields>
      <libsource lib="device" part="R"/>
      <sheetpath names="/" tstamps="/"/>
      <tstamp>5771E483</tstamp>
    </comp>
    <comp ref="D8">
      <value>LED</value>
      <footprint>LEDs:LED-3MM</footprint>
      <datasheet>http://www.mouser.com/ds/2/149/QED123-890063.pdf</datasheet>
      <fields>
        <field name="Part Number">QED123</field>
      </fields>
      <libsource lib="device" part="LED"/>
      <sheetpath names="/" tstamps="/"/>
      <tstamp>57722A1E</tstamp>
    </comp>
    <comp ref="R25">
      <value>36</value>
      <footprint>Resistors_SMD:R_0603</footprint>
      <datasheet>http://www.yageo.com.tw/exep/pages/download/literatures/PYu-R_INT-thick_7.pdf</datasheet>
      <fields>
        <field name="Part Number">RC0603JR-0736RL</field>
      </fields>
      <libsource lib="device" part="R"/>
      <sheetpath names="/" tstamps="/"/>
      <tstamp>577249CF</tstamp>
    </comp>
    <comp ref="R24">
      <value>1K</value>
      <footprint>Resistors_SMD:R_0603</footprint>
      <datasheet>http://www.digikey.com/en/resources/datasheets/yageo/rc-series-l-suffix-datasheet</datasheet>
      <fields>
        <field name="Part Number">RC0603JR-071KL</field>
      </fields>
      <libsource lib="device" part="R"/>
      <sheetpath names="/" tstamps="/"/>
      <tstamp>5772613E</tstamp>
    </comp>
    <comp ref="Q4">
      <value>Q_NPN_BEC</value>
      <footprint>TO_SOT_Packages_SMD:SOT-23</footprint>
      <datasheet>http://www.mouser.com/ds/2/308/MMBT3904LT1-D-113169.pdf</datasheet>
      <fields>
        <field name="Part Number">MMBT3904LT1G</field>
      </fields>
      <libsource lib="device" part="Q_NPN_BEC"/>
      <sheetpath names="/" tstamps="/"/>
      <tstamp>577276B5</tstamp>
    </comp>
    <comp ref="R18">
      <value>1K</value>
      <footprint>Resistors_SMD:R_0603</footprint>
      <datasheet>http://www.digikey.com/en/resources/datasheets/yageo/rc-series-l-suffix-datasheet</datasheet>
      <fields>
        <field name="Part Number">RC0603JR-071KL</field>
      </fields>
      <libsource lib="device" part="R"/>
      <sheetpath names="/" tstamps="/"/>
      <tstamp>5776EAB6</tstamp>
    </comp>
    <comp ref="U3">
      <value>ESP-WROOM-02</value>
      <footprint>libraries:ESP-WROOM-02</footprint>
      <datasheet>http://espressif.com/sites/default/files/documentation/0c-esp-wroom-02_datasheet_en.pdf</datasheet>
      <fields>
        <field name="Part Number">ESP-WROOM-02</field>
      </fields>
      <libsource lib="liger-cache" part="ESP-WROOM-02"/>
      <sheetpath names="/" tstamps="/"/>
      <tstamp>57775BA4</tstamp>
    </comp>
  </components>
  <libparts>
    <libpart lib="liger-cache" part="BK0603HS330-T">
      <fields>
        <field name="Reference">FB</field>
        <field name="Value">BK0603HS330-T</field>
      </fields>
      <pins>
        <pin num="1" name="~" type="input"/>
        <pin num="2" name="~" type="input"/>
      </pins>
    </libpart>
    <libpart lib="device" part="C">
      <description>Unpolarized capacitor</description>
      <footprints>
        <fp>C?</fp>
        <fp>C_????_*</fp>
        <fp>C_????</fp>
        <fp>SMD*_c</fp>
        <fp>Capacitor*</fp>
      </footprints>
      <fields>
        <field name="Reference">C</field>
        <field name="Value">C</field>
      </fields>
      <pins>
        <pin num="1" name="~" type="passive"/>
        <pin num="2" name="~" type="passive"/>
      </pins>
    </libpart>
    <libpart lib="conn" part="CONN_01X02">
      <description>Connector 01x02</description>
      <footprints>
        <fp>Pin_Header_Straight_1X02</fp>
        <fp>Pin_Header_Angled_1X02</fp>
        <fp>Socket_Strip_Straight_1X02</fp>
        <fp>Socket_Strip_Angled_1X02</fp>
      </footprints>
      <fields>
        <field name="Reference">P</field>
        <field name="Value">CONN_01X02</field>
      </fields>
      <pins>
        <pin num="1" name="P1" type="passive"/>
        <pin num="2" name="P2" type="passive"/>
      </pins>
    </libpart>
    <libpart lib="conn" part="CONN_01X04">
      <description>Connector 01x04</description>
      <footprints>
        <fp>Pin_Header_Straight_1X04</fp>
        <fp>Pin_Header_Angled_1X04</fp>
        <fp>Socket_Strip_Straight_1X04</fp>
        <fp>Socket_Strip_Angled_1X04</fp>
      </footprints>
      <fields>
        <field name="Reference">P</field>
        <field name="Value">CONN_01X04</field>
      </fields>
      <pins>
        <pin num="1" name="P1" type="passive"/>
        <pin num="2" name="P2" type="passive"/>
        <pin num="3" name="P3" type="passive"/>
        <pin num="4" name="P4" type="passive"/>
      </pins>
    </libpart>
    <libpart lib="conn" part="CONN_01X10">
      <description>Connector 01x10</description>
      <footprints>
        <fp>Pin_Header_Straight_1X10</fp>
        <fp>Pin_Header_Angled_1X10</fp>
        <fp>Socket_Strip_Straight_1X10</fp>
        <fp>Socket_Strip_Angled_1X10</fp>
      </footprints>
      <fields>
        <field name="Reference">P</field>
        <field name="Value">CONN_01X10</field>
      </fields>
      <pins>
        <pin num="1" name="P1" type="passive"/>
        <pin num="2" name="P2" type="passive"/>
        <pin num="3" name="P3" type="passive"/>
        <pin num="4" name="P4" type="passive"/>
        <pin num="5" name="P5" type="passive"/>
        <pin num="6" name="P6" type="passive"/>
        <pin num="7" name="P7" type="passive"/>
        <pin num="8" name="P8" type="passive"/>
        <pin num="9" name="P9" type="passive"/>
        <pin num="10" name="P10" type="passive"/>
      </pins>
    </libpart>
    <libpart lib="device" part="D">
      <description>Diode</description>
      <footprints>
        <fp>Diode_*</fp>
        <fp>D-Pak_TO252AA</fp>
        <fp>*SingleDiode</fp>
        <fp>*_Diode_*</fp>
        <fp>*SingleDiode*</fp>
      </footprints>
      <fields>
        <field name="Reference">D</field>
        <field name="Value">D</field>
      </fields>
      <pins>
        <pin num="1" name="K" type="passive"/>
        <pin num="2" name="A" type="passive"/>
      </pins>
    </libpart>
    <libpart lib="liger-cache" part="ESP-WROOM-02">
      <fields>
        <field name="Reference">U</field>
        <field name="Value">ESP-WROOM-02</field>
      </fields>
      <pins>
        <pin num="1" name="3V3" type="input"/>
        <pin num="2" name="EN" type="input"/>
        <pin num="3" name="IO14" type="input"/>
        <pin num="4" name="IO12" type="input"/>
        <pin num="5" name="IO13" type="input"/>
        <pin num="6" name="IO15" type="input"/>
        <pin num="7" name="IO2" type="input"/>
        <pin num="8" name="IO0" type="input"/>
        <pin num="9" name="GND" type="input"/>
        <pin num="10" name="IO4" type="input"/>
        <pin num="11" name="RXD" type="input"/>
        <pin num="12" name="TXD" type="input"/>
        <pin num="13" name="GND" type="input"/>
        <pin num="14" name="IO5" type="input"/>
        <pin num="15" name="RST" type="input"/>
        <pin num="16" name="TOUT" type="input"/>
        <pin num="17" name="IO16" type="input"/>
        <pin num="18" name="GND" type="input"/>
      </pins>
    </libpart>
    <libpart lib="liger-cache" part="FT230XS">
      <footprints>
        <fp>SSOP*</fp>
      </footprints>
      <fields>
        <field name="Reference">U</field>
        <field name="Value">FT230XS</field>
        <field name="Footprint">SSOP-16</field>
      </fields>
      <pins>
        <pin num="1" name="TXD" type="output"/>
        <pin num="2" name="~RTS" type="input"/>
        <pin num="3" name="VCCIO" type="power_in"/>
        <pin num="4" name="RXD" type="input"/>
        <pin num="5" name="GND" type="power_in"/>
        <pin num="6" name="~CTS" type="input"/>
        <pin num="7" name="CBUS2" type="BiDi"/>
        <pin num="8" name="USBDP" type="BiDi"/>
        <pin num="9" name="USBDM" type="BiDi"/>
        <pin num="10" name="3V3OUT" type="power_out"/>
        <pin num="11" name="~RESET" type="input"/>
        <pin num="12" name="VCC" type="power_in"/>
        <pin num="13" name="GND" type="power_in"/>
        <pin num="14" name="CBUS1" type="BiDi"/>
        <pin num="15" name="CBUS0" type="BiDi"/>
        <pin num="16" name="CBUS3" type="BiDi"/>
      </pins>
    </libpart>
    <libpart lib="device" part="LED">
      <footprints>
        <fp>LED-3MM</fp>
        <fp>LED-5MM</fp>
        <fp>LED-10MM</fp>
        <fp>LED-0603</fp>
        <fp>LED-0805</fp>
        <fp>LED-1206</fp>
        <fp>LEDV</fp>
      </footprints>
      <fields>
        <field name="Reference">D</field>
        <field name="Value">LED</field>
      </fields>
      <pins>
        <pin num="1" name="K" type="passive"/>
        <pin num="2" name="A" type="passive"/>
      </pins>
    </libpart>
    <libpart lib="linear" part="OP275">
      <aliases>
        <alias>ADA4075</alias>
        <alias>MCP6002</alias>
        <alias>LM7332</alias>
      </aliases>
      <description>Dual Op amp (low power)</description>
      <docs>analog-dev/op275.pdf</docs>
      <fields>
        <field name="Reference">U</field>
        <field name="Value">OP275</field>
      </fields>
      <pins>
        <pin num="1" name="~" type="output"/>
        <pin num="2" name="-" type="input"/>
        <pin num="3" name="+" type="input"/>
        <pin num="4" name="V-" type="power_in"/>
        <pin num="5" name="+" type="input"/>
        <pin num="6" name="-" type="input"/>
        <pin num="7" name="~" type="output"/>
        <pin num="8" name="V+" type="power_in"/>
      </pins>
    </libpart>
    <libpart lib="liger-cache" part="PT5529B/L2/H2-F">
      <fields>
        <field name="Reference">U</field>
        <field name="Value">PT5529B/L2/H2-F</field>
      </fields>
      <pins>
        <pin num="1" name="E_A" type="input"/>
        <pin num="2" name="Cl" type="input"/>
        <pin num="3" name="E_B" type="input"/>
      </pins>
    </libpart>
    <libpart lib="device" part="Q_NMOS_GSD">
      <description>Transistor N-MOSFET (general)</description>
      <fields>
        <field name="Reference">Q</field>
        <field name="Value">Q_NMOS_GSD</field>
      </fields>
      <pins>
        <pin num="1" name="G" type="input"/>
        <pin num="2" name="S" type="passive"/>
        <pin num="3" name="D" type="passive"/>
      </pins>
    </libpart>
    <libpart lib="device" part="Q_NPN_BEC">
      <description>Transistor NPN (general)</description>
      <fields>
        <field name="Reference">Q</field>
        <field name="Value">Q_NPN_BEC</field>
      </fields>
      <pins>
        <pin num="1" name="B" type="input"/>
        <pin num="2" name="E" type="passive"/>
        <pin num="3" name="C" type="passive"/>
      </pins>
    </libpart>
    <libpart lib="device" part="Q_PMOS_GSD">
      <description>Transistor P-MOSFET (general)</description>
      <fields>
        <field name="Reference">Q</field>
        <field name="Value">Q_PMOS_GSD</field>
      </fields>
      <pins>
        <pin num="1" name="G" type="input"/>
        <pin num="2" name="S" type="passive"/>
        <pin num="3" name="D" type="passive"/>
      </pins>
    </libpart>
    <libpart lib="device" part="R">
      <description>Resistor</description>
      <footprints>
        <fp>R_*</fp>
        <fp>Resistor_*</fp>
      </footprints>
      <fields>
        <field name="Reference">R</field>
        <field name="Value">R</field>
      </fields>
      <pins>
        <pin num="1" name="~" type="passive"/>
        <pin num="2" name="~" type="passive"/>
      </pins>
    </libpart>
    <libpart lib="liger-cache" part="SPX3819">
      <footprints>
        <fp>SOT-23*</fp>
        <fp>SOT-23*</fp>
      </footprints>
      <fields>
        <field name="Reference">U1</field>
        <field name="Value">SPX3819</field>
      </fields>
      <pins>
        <pin num="1" name="IN" type="openCol"/>
        <pin num="2" name="ADJ" type="input"/>
        <pin num="3" name="GND" type="power_in"/>
        <pin num="4" name="P4" type="input"/>
        <pin num="5" name="OUT" type="power_in"/>
      </pins>
    </libpart>
    <libpart lib="device" part="SW_PUSH">
      <description>Button</description>
      <fields>
        <field name="Reference">SW</field>
        <field name="Value">SW_PUSH</field>
      </fields>
      <pins>
        <pin num="1" name="1" type="passive"/>
        <pin num="2" name="2" type="passive"/>
      </pins>
    </libpart>
    <libpart lib="conn" part="USB_OTG">
      <description>micro/mini connector</description>
      <footprints>
        <fp>USB*</fp>
      </footprints>
      <fields>
        <field name="Reference">P</field>
        <field name="Value">USB_OTG</field>
      </fields>
      <pins>
        <pin num="1" name="VCC" type="power_out"/>
        <pin num="2" name="D-" type="passive"/>
        <pin num="3" name="D+" type="passive"/>
        <pin num="4" name="ID" type="power_in"/>
        <pin num="5" name="GND" type="power_in"/>
        <pin num="6" name="shield" type="passive"/>
      </pins>
    </libpart>
    <libpart lib="liger-cache" part="V23105">
      <fields>
        <field name="Reference">Relay</field>
        <field name="Value">V23105</field>
      </fields>
      <pins>
        <pin num="1" name="~" type="input"/>
        <pin num="4" name="~" type="input"/>
        <pin num="6" name="~" type="input"/>
        <pin num="8" name="~" type="input"/>
        <pin num="9" name="~" type="input"/>
        <pin num="11" name="~" type="input"/>
        <pin num="13" name="~" type="input"/>
        <pin num="16" name="~" type="input"/>
      </pins>
    </libpart>
    <libpart lib="device" part="ZENER">
      <description>Diode zener</description>
      <footprints>
        <fp>D?</fp>
        <fp>SO*</fp>
        <fp>SM*</fp>
      </footprints>
      <fields>
        <field name="Reference">D</field>
        <field name="Value">ZENER</field>
      </fields>
      <pins>
        <pin num="1" name="K" type="passive"/>
        <pin num="2" name="A" type="passive"/>
      </pins>
    </libpart>
    <libpart lib="liger-cache" part="electret_microphone">
      <fields>
        <field name="Reference">U</field>
        <field name="Value">electret_microphone</field>
      </fields>
      <pins>
        <pin num="1" name="+" type="input"/>
        <pin num="2" name="-" type="input"/>
      </pins>
    </libpart>
  </libparts>
  <libraries>
    <library logical="device">
      <uri>/usr/share/kicad/library/device.lib</uri>
    </library>
    <library logical="linear">
      <uri>/usr/share/kicad/library/linear.lib</uri>
    </library>
    <library logical="conn">
      <uri>/usr/share/kicad/library/conn.lib</uri>
    </library>
    <library logical="liger-cache">
      <uri>/home/chris/circuits/liger/hardware/liger-cache.lib</uri>
    </library>
  </libraries>
  <nets>
    <net code="1" name="IO5">
      <node ref="U3" pin="14"/>
      <node ref="R4" pin="2"/>
      <node ref="P2" pin="4"/>
    </net>
    <net code="2" name="Net-(Q4-Pad1)">
      <node ref="R24" pin="1"/>
      <node ref="Q4" pin="1"/>
    </net>
    <net code="3" name="Net-(D8-Pad1)">
      <node ref="D8" pin="1"/>
      <node ref="Q4" pin="3"/>
    </net>
    <net code="4" name="Net-(D8-Pad2)">
      <node ref="D8" pin="2"/>
      <node ref="R25" pin="2"/>
    </net>
    <net code="5" name="Net-(R17-Pad1)">
      <node ref="R17" pin="1"/>
      <node ref="U5" pin="1"/>
    </net>
    <net code="6" name="Net-(FB1-Pad2)">
      <node ref="FB1" pin="2"/>
      <node ref="U4" pin="12"/>
    </net>
    <net code="7" name="Net-(C9-Pad1)">
      <node ref="D6" pin="2"/>
      <node ref="D7" pin="2"/>
      <node ref="D5" pin="2"/>
      <node ref="C9" pin="1"/>
      <node ref="U4" pin="11"/>
      <node ref="U4" pin="10"/>
      <node ref="U4" pin="3"/>
    </net>
    <net code="8" name="Net-(D7-Pad1)">
      <node ref="R23" pin="1"/>
      <node ref="D7" pin="1"/>
    </net>
    <net code="9" name="Net-(R16-Pad1)">
      <node ref="R16" pin="1"/>
      <node ref="U4" pin="8"/>
    </net>
    <net code="10" name="Net-(R15-Pad1)">
      <node ref="R15" pin="1"/>
      <node ref="U4" pin="9"/>
    </net>
    <net code="11" name="+3V3">
      <node ref="U11" pin="5"/>
      <node ref="U3" pin="1"/>
      <node ref="C5" pin="1"/>
      <node ref="D1" pin="2"/>
      <node ref="D2" pin="2"/>
      <node ref="R3" pin="1"/>
      <node ref="C6" pin="1"/>
      <node ref="U2" pin="8"/>
      <node ref="P2" pin="9"/>
      <node ref="P1" pin="10"/>
      <node ref="R7" pin="2"/>
      <node ref="R18" pin="1"/>
      <node ref="R13" pin="2"/>
      <node ref="R1" pin="1"/>
      <node ref="FB1" pin="1"/>
    </net>
    <net code="12" name="IO2">
      <node ref="U3" pin="7"/>
      <node ref="R1" pin="2"/>
      <node ref="P1" pin="4"/>
    </net>
    <net code="13" name="IO4">
      <node ref="P2" pin="7"/>
      <node ref="R17" pin="2"/>
      <node ref="U3" pin="10"/>
    </net>
    <net code="14" name="RXD">
      <node ref="U3" pin="11"/>
      <node ref="R18" pin="2"/>
      <node ref="P2" pin="6"/>
      <node ref="U4" pin="1"/>
    </net>
    <net code="15" name="TXD">
      <node ref="U4" pin="4"/>
      <node ref="P2" pin="5"/>
      <node ref="U3" pin="12"/>
    </net>
    <net code="16" name="ADC">
      <node ref="P2" pin="2"/>
      <node ref="U3" pin="16"/>
      <node ref="U2" pin="1"/>
      <node ref="R11" pin="1"/>
      <node ref="C10" pin="2"/>
    </net>
    <net code="17" name="RESET">
      <node ref="R9" pin="2"/>
      <node ref="U3" pin="15"/>
      <node ref="SW1" pin="1"/>
      <node ref="P2" pin="3"/>
      <node ref="R22" pin="1"/>
      <node ref="Q2" pin="1"/>
    </net>
    <net code="18" name="IO16">
      <node ref="P2" pin="1"/>
      <node ref="U3" pin="17"/>
    </net>
    <net code="19" name="IO15">
      <node ref="R14" pin="2"/>
      <node ref="P1" pin="5"/>
      <node ref="U3" pin="6"/>
      <node ref="R2" pin="1"/>
    </net>
    <net code="20" name="IO13">
      <node ref="P1" pin="6"/>
      <node ref="U3" pin="5"/>
    </net>
    <net code="21" name="IO12">
      <node ref="U3" pin="4"/>
      <node ref="P1" pin="7"/>
    </net>
    <net code="22" name="IO14">
      <node ref="P1" pin="8"/>
      <node ref="R24" pin="2"/>
      <node ref="U3" pin="3"/>
    </net>
    <net code="23" name="IO0">
      <node ref="P1" pin="3"/>
      <node ref="U3" pin="8"/>
      <node ref="R10" pin="1"/>
    </net>
    <net code="24" name="GND">
      <node ref="R12" pin="1"/>
      <node ref="R2" pin="2"/>
      <node ref="U4" pin="5"/>
      <node ref="C3" pin="2"/>
      <node ref="C4" pin="2"/>
      <node ref="Q3" pin="2"/>
      <node ref="U1" pin="2"/>
      <node ref="U11" pin="3"/>
      <node ref="P2" pin="10"/>
      <node ref="SW1" pin="2"/>
      <node ref="R8" pin="1"/>
      <node ref="P3" pin="6"/>
      <node ref="P3" pin="5"/>
      <node ref="U4" pin="13"/>
      <node ref="U2" pin="4"/>
      <node ref="U3" pin="13"/>
      <node ref="U3" pin="18"/>
      <node ref="U5" pin="2"/>
      <node ref="C8" pin="2"/>
      <node ref="Q4" pin="2"/>
      <node ref="C9" pin="2"/>
      <node ref="U3" pin="9"/>
      <node ref="P1" pin="1"/>
      <node ref="P1" pin="2"/>
      <node ref="C6" pin="2"/>
      <node ref="C2" pin="1"/>
      <node ref="C5" pin="2"/>
      <node ref="C7" pin="2"/>
      <node ref="Q1" pin="2"/>
    </net>
    <net code="25" name="EN">
      <node ref="P1" pin="9"/>
      <node ref="R13" pin="1"/>
      <node ref="U3" pin="2"/>
    </net>
    <net code="26" name="+5V">
      <node ref="D4" pin="1"/>
      <node ref="P2" pin="8"/>
      <node ref="R25" pin="1"/>
      <node ref="U5" pin="3"/>
      <node ref="D3" pin="2"/>
      <node ref="Relay1" pin="16"/>
      <node ref="P3" pin="1"/>
    </net>
    <net code="27" name="Net-(P4-Pad1)">
      <node ref="P4" pin="1"/>
      <node ref="Relay1" pin="8"/>
    </net>
    <net code="28" name="Net-(C3-Pad1)">
      <node ref="R8" pin="2"/>
      <node ref="C3" pin="1"/>
      <node ref="R7" pin="1"/>
      <node ref="U2" pin="2"/>
    </net>
    <net code="29" name="Net-(C4-Pad1)">
      <node ref="U11" pin="1"/>
      <node ref="D3" pin="1"/>
      <node ref="R12" pin="2"/>
      <node ref="U11" pin="2"/>
      <node ref="C4" pin="1"/>
    </net>
    <net code="30" name="Net-(C1-Pad1)">
      <node ref="U1" pin="1"/>
      <node ref="C1" pin="1"/>
      <node ref="R3" pin="2"/>
    </net>
    <net code="31" name="Net-(C1-Pad2)">
      <node ref="R5" pin="2"/>
      <node ref="C1" pin="2"/>
    </net>
    <net code="32" name="Net-(C10-Pad1)">
      <node ref="R11" pin="2"/>
      <node ref="C10" pin="1"/>
      <node ref="U2" pin="3"/>
      <node ref="R5" pin="1"/>
    </net>
    <net code="33" name="Net-(C2-Pad2)">
      <node ref="Q1" pin="1"/>
      <node ref="C2" pin="2"/>
      <node ref="R6" pin="2"/>
    </net>
    <net code="34" name="Net-(Q2-Pad3)">
      <node ref="Q2" pin="3"/>
      <node ref="R6" pin="1"/>
    </net>
    <net code="35" name="Net-(D2-Pad1)">
      <node ref="R9" pin="1"/>
      <node ref="Q2" pin="2"/>
      <node ref="D2" pin="1"/>
    </net>
    <net code="36" name="Net-(D1-Pad1)">
      <node ref="R4" pin="1"/>
      <node ref="D1" pin="1"/>
    </net>
    <net code="37" name="Net-(R23-Pad2)">
      <node ref="R23" pin="2"/>
      <node ref="U4" pin="16"/>
    </net>
    <net code="38" name="Net-(D6-Pad1)">
      <node ref="R21" pin="1"/>
      <node ref="D6" pin="1"/>
    </net>
    <net code="39" name="Net-(D5-Pad1)">
      <node ref="R20" pin="1"/>
      <node ref="D5" pin="1"/>
    </net>
    <net code="40" name="Net-(R20-Pad2)">
      <node ref="U4" pin="15"/>
      <node ref="R20" pin="2"/>
    </net>
    <net code="41" name="Net-(R21-Pad2)">
      <node ref="U4" pin="14"/>
      <node ref="R21" pin="2"/>
    </net>
    <net code="42" name="Net-(R22-Pad2)">
      <node ref="U4" pin="7"/>
      <node ref="R22" pin="2"/>
    </net>
    <net code="43" name="Net-(Q1-Pad3)">
      <node ref="R10" pin="2"/>
      <node ref="Q1" pin="3"/>
    </net>
    <net code="44" name="Net-(P4-Pad2)">
      <node ref="Relay1" pin="6"/>
      <node ref="P4" pin="2"/>
    </net>
    <net code="45" name="Net-(Q3-Pad1)">
      <node ref="Q3" pin="1"/>
      <node ref="R14" pin="1"/>
    </net>
    <net code="46" name="Net-(D4-Pad2)">
      <node ref="Relay1" pin="1"/>
      <node ref="Q3" pin="3"/>
      <node ref="D4" pin="2"/>
    </net>
    <net code="47" name="DP">
      <node ref="C8" pin="1"/>
      <node ref="R16" pin="2"/>
      <node ref="P3" pin="3"/>
    </net>
    <net code="48" name="DM">
      <node ref="R15" pin="2"/>
      <node ref="P3" pin="2"/>
      <node ref="C7" pin="1"/>
    </net>
    <net code="50" name="Net-(U4-Pad6)">
      <node ref="U4" pin="6"/>
    </net>
    <net code="51" name="Net-(U4-Pad2)">
      <node ref="U4" pin="2"/>
    </net>
    <net code="52" name="Net-(Relay1-Pad4)">
      <node ref="Relay1" pin="4"/>
    </net>
    <net code="53" name="Net-(Relay1-Pad9)">
      <node ref="Relay1" pin="9"/>
    </net>
    <net code="54" name="Net-(Relay1-Pad11)">
      <node ref="Relay1" pin="11"/>
    </net>
    <net code="55" name="Net-(Relay1-Pad13)">
      <node ref="Relay1" pin="13"/>
    </net>
    <net code="56" name="Net-(P3-Pad4)">
      <node ref="P3" pin="4"/>
    </net>
    <net code="59" name="Net-(U11-Pad4)">
      <node ref="U11" pin="4"/>
    </net>
    <net code="65" name="Net-(P5-Pad4)">
      <node ref="P5" pin="4"/>
    </net>
    <net code="66" name="Net-(P5-Pad3)">
      <node ref="P5" pin="3"/>
    </net>
    <net code="67" name="Net-(P5-Pad2)">
      <node ref="P5" pin="2"/>
    </net>
    <net code="68" name="Net-(P5-Pad1)">
      <node ref="P5" pin="1"/>
    </net>
  </nets>
</export>
